e1149,0.0,0,0,0,0,0,1
d593,0.0,1,0,0,0,0,Unlikely
a692,0.0,0,1,0,0,0,Unlikely
b1864,0.0,0,1,0,0,0,Unlikely
c1406,0.0,1,0,0,0,0,Unlikely
b1089,0.0,0,0,0,0,1,Unlikely
a724,0.0,0,0,0,0,0,1
b1265,0.0,0,0,0,0,0,1
d1423,0.0,0,0,0,0,0,1
d1029,0.0,1,0,0,0,0,Unlikely
d463,0.0,1,0,0,0,0,Unlikely
e1290,,0,1,0,0,0,Unlikely
d1302,0.0,0,0,0,0,0,1
c148,0.0,0,0,1,0,0,Unlikely
d1294,0.0,0,0,0,0,1,Unlikely
b312,1.0,0,0,0,0,0,Unlikely
a1161,0.0,0,0,0,0,1,Unlikely
b265,0.0,0,1,0,0,0,Unlikely
a1824,0.0,0,1,0,0,0,Unlikely
a379,0.0,0,0,0,0,1,Unlikely
e1564,0.0,0,0,0,0,1,0
e1169,0.0,1,0,0,0,0,0
a596,0.0,0,0,0,0,1,0
b1607,1.0,0,0,0,0,0,0
e875,1.0,0,0,0,0,0,0
a1594,0.0,0,0,0,0,1,0
d641,0.0,0,0,0,0,0,1
a1187,0.0,0,0,0,0,0,1
c272,0.0,0,0,0,0,1,0
b1663,0.0,1,0,0,0,0,0
c476,0.0,0,0,0,0,0,1
a1500,0.0,0,0,0,0,1,0
a364,0.0,0,0,0,0,1,0
d1217,0.0,0,0,0,0,0,1
b80,0.0,0,0,0,1,0,0
b561,0.0,0,1,0,0,0,0
d997,,1,0,0,0,0,0
d837,0.0,0,0,0,0,0,1
d449,0.0,1,0,0,0,0,0
b350,0.0,1,0,0,0,0,0
b42,0.0,0,0,0,1,0,0
a985,0.0,1,0,0,0,0,0
a939,0.0,0,0,0,0,0,1
d207,0.0,0,0,0,0,0,1
a637,0.0,0,0,0,0,0,1
d24,0.0,0,1,0,0,0,0
e1224,0.0,0,0,0,0,0,1
a531,0.0,0,0,0,0,1,0
e23,0.0,0,1,0,0,0,0
e1008,1.0,0,0,0,0,0,0
d1211,0.0,0,0,0,0,0,1
b938,0.0,1,0,0,0,0,0
e999,1.0,0,0,0,0,0,0
c355,0.0,0,0,0,0,1,0
e1323,0.0,0,0,0,0,0,1
d168,0.0,0,0,0,0,0,1
b1625,0.0,0,0,0,0,1,0
a194,0.0,0,0,0,0,0,1
c1565,0.0,0,1,0,0,0,0
b167,0.0,0,0,0,0,0,1
c139,0.0,0,0,0,1,0,0
a759,0.0,0,0,0,0,0,1
d1767,0.0,0,1,0,0,0,0
d621,0.0,0,0,0,0,1,0
d471,0.0,0,0,0,0,0,1
a153,0.0,0,0,0,0,0,1
b516,1.0,0,0,0,0,0,0
b1420,0.0,0,0,0,0,0,1
d502,0.0,0,0,0,0,0,1
d712,0.0,0,0,1,0,0,0
b1173,0.0,0,0,0,0,0,1
e555,0.0,0,0,0,0,1,0
d1426,0.0,0,0,0,0,1,0
c1502,0.0,0,1,0,0,0,0
c1587,0.0,0,0,0,0,0,1
a594,0.0,1,0,0,0,0,0
c530,0.0,0,1,0,0,0,0
c1466,0.0,0,0,0,0,1,0
d388,0.0,0,0,0,0,0,1
a1891,0.0,0,1,0,0,0,0
e1661,0.0,0,0,0,0,0,1
a1620,0.0,0,0,0,0,0,1
c844,0.0,0,1,0,0,0,0
e1725,0.0,1,0,0,0,0,0
d1588,0.0,0,0,0,0,1,0
b356,0.0,0,0,0,0,0,1
b972,1.0,0,0,0,0,0,0
d764,0.0,0,0,0,0,0,1
a1486,0.0,1,0,0,0,0,0
c578,0.0,0,1,0,0,0,0
e1759,0.0,0,1,0,0,0,0
a1937,0.0,1,0,0,0,0,0
d1072,0.0,0,1,0,0,0,0
b380,0.0,0,0,0,0,0,1
d1815,1.0,0,0,0,0,0,0
c1809,0.0,0,0,0,0,1,0
b233,0.0,0,1,0,0,0,0
e1061,0.0,0,1,0,0,0,0
b363,0.0,0,0,0,0,0,1
b1636,0.0,0,0,0,0,0,1
d1091,1.0,0,0,0,0,0,0
b1869,0.0,0,1,0,0,0,0
e912,1.0,0,0,0,0,0,0
e669,0.0,0,0,0,1,0,0
e1394,0.0,0,0,0,0,1,0
a936,0.0,0,0,0,0,0,1
e1641,0.0,0,0,0,0,0,1
c327,0.0,0,0,0,0,0,1
d46,0.0,0,1,0,0,0,0
e650,0.0,0,1,0,0,0,0
a809,0.0,0,1,0,0,0,0
e1717,0.0,0,0,0,0,0,1
a1735,0.0,1,0,0,0,0,0
a6,0.0,0,0,0,0,0,1
c1567,0.0,0,0,0,1,0,0
b728,0.0,0,0,0,0,0,1
e552,0.0,0,1,0,0,0,0
d975,0.0,0,1,0,0,0,0
c945,0.0,0,0,0,0,0,1
a1125,0.0,0,0,0,0,0,1
b535,0.0,0,0,0,0,0,1
e199,0.0,0,0,0,0,0,1
e187,0.0,0,0,0,0,0,1
d295,0.0,1,0,0,0,0,0
e808,0.0,0,0,0,0,0,1
b257,0.0,0,0,0,0,0,1
d1000,1.0,0,0,0,0,0,0
a617,0.0,0,0,0,0,1,0
e301,0.0,0,0,0,0,0,1
d964,0.0,0,0,0,0,0,1
c1311,0.0,1,0,0,0,0,0
a828,0.0,0,1,0,0,0,0
b1777,0.0,0,1,0,0,0,0
d1820,0.0,0,0,0,0,0,1
e1634,0.0,0,1,0,0,0,0
c474,0.0,0,0,0,0,1,0
d758,0.0,0,0,0,0,0,1
b916,0.0,0,0,0,0,1,0
a30,0.0,0,0,0,0,0,1
a1429,0.0,0,0,0,0,0,1
c1127,0.0,0,0,0,0,0,1
d243,0.0,0,0,0,0,0,1
c601,0.0,0,0,0,0,1,0
e1537,0.0,0,1,0,0,0,0
d754,0.0,0,0,0,0,0,1
c556,0.0,0,1,0,0,0,0
b1590,0.0,0,0,0,0,0,1
d1907,0.0,1,0,0,0,0,0
b1916,0.0,0,0,0,0,0,1
c830,0.0,0,0,0,0,0,1
e1606,0.0,0,1,0,0,0,0
e1729,0.0,0,1,0,0,0,0
c171,0.0,0,1,0,0,0,0
c978,,0,0,0,0,0,1
d1339,0.0,0,0,0,0,1,0
d915,0.0,0,0,0,0,1,0
d239,0.0,0,0,0,0,1,0
b66,1.0,0,0,0,0,0,0
b454,0.0,0,0,0,0,0,1
a667,0.0,0,1,0,0,0,0
a252,0.0,0,0,0,0,0,1
d189,0.0,0,1,0,0,0,0
d1293,0.0,0,1,0,0,0,0
d1583,0.0,0,0,0,0,1,0
a1927,0.0,1,0,0,0,0,0
e1799,0.0,0,0,0,0,0,1
c1783,0.0,0,1,0,0,0,0
d244,0.0,0,0,0,0,1,0
c874,0.0,0,0,0,0,1,0
b1774,1.0,0,0,0,0,0,0
e115,0.0,0,1,0,0,0,0
a1686,0.0,0,1,0,0,0,0
d1703,0.0,0,1,0,0,0,0
b685,0.0,0,0,0,0,0,1
e1221,0.0,0,0,0,0,0,1
a747,0.0,0,0,0,0,1,0
b1720,0.0,0,0,0,0,0,1
b1044,0.0,0,0,0,0,0,1
a1050,0.0,0,0,0,0,0,1
d851,0.0,0,0,0,0,0,1
c293,1.0,0,0,0,0,0,0
d482,0.0,0,1,0,0,0,0
c689,0.0,0,0,0,0,0,1
e1921,0.0,0,1,0,0,0,0
b136,0.0,0,0,0,0,0,1
a1600,1.0,0,0,0,0,0,0
c662,,0,0,1,0,0,0
a1784,1.0,0,0,0,0,0,0
e600,1.0,0,0,0,0,0,0
b1480,0.0,0,0,0,0,0,1
d440,0.0,0,0,0,0,1,0
d835,0.0,0,1,0,0,0,0
e434,0.0,0,1,0,0,0,0
b1489,0.0,0,0,1,0,0,0
a877,0.0,0,1,0,0,0,0
d11,0.0,0,0,0,0,1,0
a1430,0.0,0,0,0,0,1,0
a672,0.0,0,0,0,0,0,1
b1680,0.0,0,0,0,0,0,1
e374,0.0,0,0,0,0,0,1
b616,0.0,0,0,0,0,0,1
e343,0.0,0,1,0,0,0,0
e506,0.0,0,1,0,0,0,0
b225,0.0,0,0,0,0,1,0
a336,0.0,0,0,0,0,1,0
c614,0.0,0,0,0,0,0,1
a1271,0.0,1,0,0,0,0,0
c681,1.0,0,0,0,0,0,0
d908,0.0,0,0,0,0,0,1
a450,0.0,0,0,0,0,0,1
d953,0.0,0,0,0,0,0,1
d479,0.0,0,0,0,0,0,1
d840,0.0,0,1,0,0,0,0
a466,0.0,0,0,0,1,0,0
d68,0.0,0,0,0,0,0,1
e1715,0.0,0,0,0,0,1,0
e1170,1.0,0,0,0,0,0,0
c1215,0.0,0,0,0,0,1,0
d33,0.0,0,0,1,0,0,0
c1672,0.0,0,0,0,0,0,1
d1868,0.0,0,0,0,0,1,0
a1710,0.0,0,0,0,0,0,1
b1664,0.0,0,0,0,0,0,1
a112,0.0,0,0,0,0,0,1
d144,0.0,0,0,0,0,1,0
a787,0.0,1,0,0,0,0,0
b270,0.0,0,0,0,0,1,0
d1048,0.0,0,0,0,0,0,1
b1592,0.0,0,0,0,0,0,1
a588,0.0,0,0,0,0,0,1
c1866,0.0,0,0,0,0,0,1
b19,,0,0,0,0,1,0
b1778,0.0,1,0,0,0,0,0
a661,0.0,0,0,0,0,0,1
a1014,1.0,0,0,0,0,0,0
b150,0.0,0,1,0,0,0,0
e1435,0.0,0,1,0,0,0,0
c97,0.0,0,1,0,0,0,0
d1131,0.0,0,0,1,0,0,0
b1440,0.0,0,0,0,0,1,0
b1560,0.0,1,0,0,0,0,0
a1398,0.0,1,0,0,0,0,0
c1373,0.0,1,0,0,0,0,0
a1598,0.0,0,1,0,0,0,0
c1395,0.0,0,0,0,0,0,1
e191,0.0,0,0,1,0,0,0
a1928,0.0,0,0,0,0,0,1
b1764,0.0,0,0,0,0,1,0
d321,0.0,1,0,0,0,0,0
e333,0.0,0,1,0,0,0,0
b1222,0.0,1,0,0,0,0,0
a587,0.0,0,0,0,0,0,1
b1320,0.0,1,0,0,0,0,0
d639,0.0,0,1,0,0,0,0
d353,0.0,0,0,0,0,1,0
c739,0.0,0,0,0,0,0,1
e1336,0.0,0,0,0,0,1,0
c1462,0.0,0,0,0,0,0,1
c1609,1.0,0,0,0,0,0,0
d1132,0.0,0,0,0,0,1,0
d1887,0.0,0,0,0,0,0,1
d1369,0.0,0,0,0,0,1,0
d1563,0.0,0,0,0,0,1,0
b1713,0.0,0,0,0,0,0,1
b216,0.0,0,0,0,0,0,1
b1934,0.0,0,0,0,0,0,1
e1797,0.0,0,0,0,0,0,1
c884,0.0,0,0,0,1,0,0
d127,0.0,0,1,0,0,0,0
b532,0.0,0,0,0,0,0,1
d220,0.0,0,0,0,0,0,1
b381,0.0,1,0,0,0,0,0
b656,0.0,1,0,0,0,0,0
d568,0.0,0,0,0,0,1,0
a292,0.0,0,0,0,0,1,0
a1102,0.0,0,1,0,0,0,0
d1483,0.0,0,0,0,0,0,1
d1890,0.0,0,1,0,0,0,0
b82,1.0,0,0,0,0,0,0
a1632,0.0,1,0,0,0,0,0
d781,0.0,0,1,0,0,0,0
b285,0.0,0,0,0,1,0,0
d1253,0.0,0,0,0,0,0,1
d1075,0.0,1,0,0,0,0,0
b777,0.0,0,0,0,0,1,0
e675,0.0,0,1,0,0,0,0
c1266,1.0,0,0,0,0,0,0
c1770,0.0,0,1,0,0,0,0
b249,0.0,0,0,0,0,0,1
a283,0.0,1,0,0,0,0,0
b976,0.0,0,0,0,1,0,0
e198,0.0,0,0,0,0,0,1
a1130,0.0,0,0,0,0,1,0
c1272,0.0,1,0,0,0,0,0
a1422,0.0,0,0,0,0,0,1
a895,0.0,1,0,0,0,0,0
b1506,0.0,0,0,0,0,1,0
d98,0.0,0,0,0,0,1,0
b1528,0.0,0,0,0,0,0,1
c825,0.0,0,1,0,0,0,0
c1346,0.0,0,0,0,0,1,0
a586,0.0,0,1,0,0,0,0
e1467,0.0,0,1,0,0,0,0
d1041,1.0,0,0,0,0,0,0
a1326,0.0,0,0,0,0,0,1
e1629,0.0,0,0,1,0,0,0
a1176,0.0,0,0,0,0,1,0
b1862,0.0,0,0,0,0,0,1
e981,0.0,0,0,1,0,0,0
e771,0.0,0,0,0,0,0,1
a419,1.0,0,0,0,0,0,0
d1539,0.0,0,1,0,0,0,0
e559,0.0,0,0,0,0,0,1
d807,0.0,0,0,1,0,0,0
a1225,0.0,0,0,0,0,0,1
b50,1.0,0,0,0,0,0,0
d1084,0.0,0,1,0,0,0,0
a885,0.0,0,0,0,0,0,1
b737,0.0,0,0,0,0,1,0
a1355,0.0,0,1,0,0,0,0
a1742,0.0,0,0,0,0,0,1
d1516,0.0,0,0,0,0,0,1
c1449,0.0,0,0,0,0,0,1
b1087,0.0,0,0,0,0,1,0
a1145,0.0,0,0,0,0,0,1
b1213,0.0,0,0,0,0,1,0
e846,0.0,0,0,0,0,0,1
a1066,0.0,0,0,0,0,0,1
d1602,0.0,0,1,0,0,0,0
d494,1.0,0,0,0,0,0,0
a1154,1.0,0,0,0,0,0,0
d697,0.0,0,0,0,0,0,1
c1232,0.0,0,0,0,0,0,1
c1057,0.0,0,1,0,0,0,0
e632,0.0,0,1,0,0,0,0
b1053,0.0,0,1,0,0,0,0
b1375,0.0,1,0,0,0,0,0
b1570,0.0,0,1,0,0,0,0
e670,0.0,0,0,0,0,0,1
b1458,0.0,0,0,0,1,0,0
b1115,0.0,0,0,1,0,0,0
e382,1.0,0,0,0,0,0,0
b924,,0,0,0,0,1,0
c45,0.0,0,0,0,0,0,1
b123,0.0,0,0,0,0,0,1
d832,0.0,0,0,0,0,0,1
d1018,0.0,0,0,0,0,0,1
d96,0.0,0,0,0,0,1,0
c1298,0.0,0,0,0,0,1,0
b337,0.0,0,0,1,0,0,0
e752,0.0,0,0,0,0,0,1
b1335,0.0,0,0,0,0,0,1
e1858,0.0,0,0,0,0,1,0
a1696,0.0,0,0,0,0,0,1
c839,0.0,0,0,0,0,1,0
c483,0.0,0,0,0,0,0,1
c950,0.0,0,0,0,0,0,1
b231,0.0,0,0,0,0,0,1
c740,0.0,0,0,0,0,0,1
b1095,0.0,0,0,0,0,0,1
c47,1.0,0,0,0,0,0,0
b1465,0.0,0,0,0,0,0,1
c425,0.0,0,0,0,0,0,1
e992,0.0,0,0,1,0,0,0
b396,0.0,0,0,0,0,1,0
e1220,0.0,0,1,0,0,0,0
c1299,1.0,0,0,0,0,0,0
c221,0.0,0,0,0,0,1,0
d488,0.0,0,1,0,0,0,0
d1699,0.0,0,0,0,0,0,1
e266,0.0,0,0,0,0,0,1
c876,0.0,0,0,0,0,1,0
b1615,0.0,0,0,0,0,1,0
c1158,0.0,0,0,0,0,1,0
e508,0.0,0,0,0,0,0,1
c1324,0.0,0,0,0,0,0,1
b1024,0.0,0,0,1,0,0,0
d1052,0.0,0,0,0,1,0,0
e1681,0.0,0,1,0,0,0,0
c567,0.0,0,0,0,0,0,1
b1487,0.0,0,0,1,0,0,0
c1766,0.0,1,0,0,0,0,0
a247,0.0,0,0,0,0,0,1
e83,0.0,0,0,0,0,0,1
a1807,0.0,1,0,0,0,0,0
e700,0.0,0,1,0,0,0,0
b1719,0.0,0,0,0,1,0,0
d1028,0.0,0,0,0,0,0,1
e890,0.0,0,0,0,0,0,1
a579,0.0,0,1,0,0,0,0
c1313,1.0,0,0,0,0,0,0
d1009,0.0,1,0,0,0,0,0
c1226,1.0,0,0,0,0,0,0
d1114,0.0,0,0,0,0,0,1
e1141,0.0,0,0,0,0,0,1
b571,0.0,1,0,0,0,0,0
b643,0.0,0,0,0,0,0,1
b826,0.0,0,0,0,0,0,1
b966,0.0,0,0,0,0,1,0
d77,0.0,1,0,0,0,0,0
b1388,0.0,0,0,0,0,0,1
e332,0.0,0,0,0,0,0,1
d1734,0.0,0,0,0,0,0,1
b1675,0.0,0,1,0,0,0,0
c87,0.0,0,0,0,0,0,1
c1259,0.0,0,0,0,0,0,1
b213,1.0,0,0,0,0,0,0
a134,0.0,0,0,0,0,1,0
c954,1.0,0,0,0,0,0,0
d708,0.0,0,0,0,0,0,1
c1381,0.0,1,0,0,0,0,0
b974,0.0,0,0,0,0,1,0
a1906,1.0,0,0,0,0,0,0
a1902,0.0,1,0,0,0,0,0
b1541,0.0,0,0,0,0,0,1
b767,1.0,0,0,0,0,0,0
a1635,0.0,0,0,0,0,1,0
e626,0.0,0,0,0,0,1,0
e367,0.0,0,1,0,0,0,0
d416,0.0,1,0,0,0,0,0
a888,0.0,0,1,0,0,0,0
b262,0.0,0,0,0,0,0,1
d1854,0.0,0,1,0,0,0,0
d969,0.0,0,0,0,0,1,0
a1058,0.0,0,0,0,0,0,1
b289,0.0,0,0,0,0,1,0
e1276,0.0,0,0,1,0,0,0
e575,0.0,0,0,0,0,1,0
a1806,0.0,0,0,0,0,1,0
e75,0.0,1,0,0,0,0,0
b935,0.0,1,0,0,0,0,0
e341,0.0,1,0,0,0,0,0
a155,0.0,0,0,0,0,1,0
c843,0.0,0,0,0,0,1,0
a623,0.0,0,0,0,0,0,1
e591,0.0,0,0,0,0,0,1
d684,0.0,0,0,0,1,0,0
b1088,0.0,0,1,0,0,0,0
e1593,0.0,1,0,0,0,0,0
b1208,0.0,0,0,0,0,0,1
b1802,0.0,0,0,0,0,1,0
b606,0.0,0,0,0,0,0,1
e1129,0.0,0,0,0,0,0,1
d882,0.0,0,0,0,0,0,1
d1895,0.0,0,1,0,0,0,0
e1733,0.0,0,0,1,0,0,0
b1741,0.0,0,0,0,0,0,1
d1658,0.0,0,0,0,1,0,0
a509,0.0,0,0,0,0,0,1
d401,1.0,0,0,0,0,0,0
e1788,1.0,0,0,0,0,0,0
d16,0.0,0,0,0,0,0,1
a1880,0.0,0,0,0,0,0,1
d378,0.0,0,0,0,0,0,1
a426,0.0,1,0,0,0,0,0
c1438,0.0,0,0,0,0,0,1
c1138,0.0,0,1,0,0,0,0
b1915,1.0,0,0,0,0,0,0
a1535,0.0,0,0,0,0,0,1
d88,0.0,0,1,0,0,0,0
e1724,0.0,0,0,0,0,0,1
c741,1.0,0,0,0,0,0,0
a1056,0.0,0,1,0,0,0,0
a44,0.0,0,0,0,0,1,0
a251,0.0,0,1,0,0,0,0
e1404,0.0,0,0,0,0,0,1
c69,0.0,0,0,0,0,0,1
d386,0.0,0,1,0,0,0,0
a204,0.0,0,1,0,0,0,0
b940,0.0,0,1,0,0,0,0
a1515,0.0,0,1,0,0,0,0
c15,0.0,0,0,0,0,0,1
a34,1.0,0,0,0,0,0,0
b1301,0.0,1,0,0,0,0,0
c309,0.0,0,0,0,0,1,0
b1832,0.0,0,1,0,0,0,0
d1825,0.0,1,0,0,0,0,0
a1494,0.0,0,0,0,0,0,1
e335,0.0,0,1,0,0,0,0
e550,0.0,0,1,0,0,0,0
d322,0.0,0,0,0,0,0,1
b1345,0.0,0,1,0,0,0,0
c1579,0.0,0,0,0,0,1,0
c1923,0.0,0,0,0,0,0,1
a1124,0.0,0,1,0,0,0,0
a861,0.0,0,0,0,0,0,1
e1695,0.0,0,0,0,0,1,0
c1060,0.0,0,0,0,1,0,0
a1005,0.0,0,0,0,0,1,0
d1107,0.0,0,0,0,0,0,1
a281,0.0,0,1,0,0,0,0
d1503,0.0,0,0,0,0,0,1
e1206,1.0,0,0,0,0,0,0
e1425,0.0,0,1,0,0,0,0
d690,0.0,0,0,0,0,1,0
c783,0.0,0,1,0,0,0,0
e1119,0.0,0,0,0,0,0,1
b1300,0.0,0,0,0,0,0,1
e451,0.0,0,0,1,0,0,0
e485,1.0,0,0,0,0,0,0
a421,0.0,0,0,0,0,1,0
a1152,0.0,0,0,0,0,1,0
d1257,0.0,0,0,0,0,1,0
e1544,0.0,0,1,0,0,0,0
d965,0.0,0,0,0,0,0,1
c800,0.0,0,0,1,0,0,0
e181,0.0,0,1,0,0,0,0
e653,0.0,1,0,0,0,0,0
a956,0.0,0,1,0,0,0,0
b793,0.0,0,0,0,0,0,1
c769,0.0,0,0,0,0,0,1
e774,0.0,0,0,0,0,0,1
b557,0.0,0,0,1,0,0,0
c1330,0.0,0,0,0,0,0,1
d770,0.0,0,0,0,0,1,0
a274,0.0,0,0,0,0,0,1
d1884,0.0,0,0,0,0,1,0
e1026,0.0,0,0,0,0,0,1
a55,1.0,0,0,0,0,0,0
d1705,0.0,0,0,0,0,1,0
d438,0.0,0,0,0,0,1,0
b1198,0.0,0,0,0,0,1,0
e1240,0.0,0,1,0,0,0,0
c1011,0.0,0,0,1,0,0,0
d67,0.0,0,0,0,0,1,0
e259,1.0,0,0,0,0,0,0
a599,1.0,0,0,0,0,0,0
b203,0.0,0,0,0,0,0,1
d1328,0.0,0,1,0,0,0,0
e1401,1.0,0,0,0,0,0,0
e237,1.0,0,0,0,0,0,0
e873,0.0,0,0,0,0,1,0
b1834,0.0,0,0,0,0,1,0
e1267,0.0,1,0,0,0,0,0
b944,0.0,0,0,0,0,0,1
c1415,0.0,0,0,0,0,0,1
b253,0.0,0,0,0,0,0,1
b330,0.0,0,0,0,0,0,1
e883,0.0,0,0,0,0,0,1
d655,0.0,0,0,0,0,0,1
d1239,0.0,0,1,0,0,0,0
e1621,0.0,0,0,0,0,0,1
c410,0.0,0,1,0,0,0,0
e1230,0.0,1,0,0,0,0,0
b1753,1.0,0,0,0,0,0,0
b1400,0.0,0,0,0,0,1,0
a987,0.0,0,1,0,0,0,0
e1083,0.0,0,0,0,0,0,1
a461,0.0,0,0,0,0,0,1
d397,0.0,0,0,0,0,1,0
d1378,0.0,1,0,0,0,0,0
e1837,0.0,0,0,0,0,0,1
e814,0.0,0,0,0,0,1,0
e1116,0.0,0,0,0,0,0,1
b857,0.0,1,0,0,0,0,0
a1823,0.0,0,1,0,0,0,0
a166,0.0,0,1,0,0,0,0
d1673,1.0,0,0,0,0,0,0
d288,0.0,0,1,0,0,0,0
c1841,0.0,0,0,0,0,0,1
c862,0.0,0,0,0,0,0,1
e749,0.0,0,0,0,0,1,0
d1181,0.0,0,0,0,0,0,1
d536,0.0,1,0,0,0,0,0
c487,0.0,0,0,0,0,0,1
d1619,0.0,1,0,0,0,0,0
d137,1.0,0,0,0,0,0,0
e1781,0.0,0,1,0,0,0,0
d462,0.0,0,1,0,0,0,0
b1750,1.0,0,0,0,0,0,0
c1416,0.0,0,0,0,0,1,0
e61,0.0,0,0,0,0,0,1
c1019,0.0,0,0,0,0,1,0
b934,0.0,0,0,0,0,0,1
d820,1.0,0,0,0,0,0,0
e1460,0.0,0,0,0,0,1,0
e887,0.0,0,0,0,0,0,1
b1616,0.0,0,0,0,0,0,1
a813,0.0,0,0,0,0,1,0
c448,0.0,0,1,0,0,0,0
e642,0.0,0,1,0,0,0,0
a91,0.0,0,0,0,0,0,1
b702,1.0,0,0,0,0,0,0
a1481,0.0,0,0,0,0,1,0
c1451,0.0,1,0,0,0,0,0
b492,0.0,0,1,0,0,0,0
a520,0.0,0,0,0,0,0,1
a1317,0.0,0,0,0,0,0,1
e1412,0.0,0,0,0,1,0,0
d1694,0.0,0,0,0,0,1,0
b827,0.0,1,0,0,0,0,0
e1270,0.0,0,0,0,0,0,1
d192,0.0,0,1,0,0,0,0
c195,0.0,0,1,0,0,0,0
b694,0.0,0,0,0,1,0,0
d1800,0.0,0,0,0,0,0,1
d1901,0.0,0,0,0,0,0,1
b1350,0.0,0,0,0,0,1,0
d415,0.0,1,0,0,0,0,0
e1627,0.0,0,0,0,0,1,0
e1144,0.0,0,0,0,0,0,1
e263,0.0,0,0,0,1,0,0
d654,0.0,0,1,0,0,0,0
c1497,0.0,0,0,0,0,1,0
d1555,0.0,0,0,0,0,0,1
e1010,0.0,0,1,0,0,0,0
e170,0.0,0,1,0,0,0,0
b1469,0.0,0,0,0,0,0,1
d963,0.0,0,0,0,0,0,1
b592,0.0,0,0,0,0,0,1
b269,0.0,1,0,0,0,0,0
b1405,0.0,0,0,0,1,0,0
c254,0.0,0,0,0,0,0,1
e1105,0.0,0,0,0,0,0,1
d1596,0.0,1,0,0,0,0,0
a157,0.0,0,1,0,0,0,0
b1572,0.0,0,0,0,0,0,1
a775,0.0,0,0,1,0,0,0
c1109,0.0,0,0,0,0,0,1
b1786,0.0,1,0,0,0,0,0
a1633,0.0,0,0,1,0,0,0
a260,0.0,0,1,0,0,0,0
e215,1.0,0,0,0,0,0,0
c132,0.0,0,0,0,0,0,1
e1025,0.0,0,0,0,0,1,0
c1062,1.0,0,0,0,0,0,0
e1785,0.0,0,0,0,1,0,0
e542,0.0,0,0,0,0,0,1
e1476,0.0,0,1,0,0,0,0
b645,1.0,0,0,0,0,0,0
c431,0.0,0,0,0,0,0,1
d41,0.0,0,1,0,0,0,0
c1677,0.0,0,0,0,0,1,0
e1188,0.0,0,0,1,0,0,0
c1612,1.0,0,0,0,0,0,0
b973,0.0,0,1,0,0,0,0
d1744,0.0,1,0,0,0,0,0
e798,0.0,0,0,0,0,0,1
a1059,0.0,0,1,0,0,0,0
b1701,0.0,0,0,0,0,1,0
d990,0.0,0,0,0,0,1,0
e489,0.0,0,0,0,0,0,1
d224,0.0,1,0,0,0,0,0
e344,0.0,0,0,0,0,0,1
d1874,0.0,0,1,0,0,0,0
d1886,0.0,0,1,0,0,0,0
b1669,0.0,0,1,0,0,0,0
a1162,0.0,1,0,0,0,0,0
d1714,0.0,0,0,0,0,0,1
e1857,0.0,0,0,0,0,1,0
c375,0.0,0,0,0,0,0,1
c1309,1.0,0,0,0,0,0,0
a917,0.0,0,0,0,0,1,0
a1723,0.0,0,0,0,1,0,0
e850,0.0,0,0,0,0,1,0
e146,0.0,1,0,0,0,0,0
e264,0.0,0,1,0,0,0,0
e1007,0.0,0,0,0,0,1,0
b986,0.0,0,0,0,0,0,1
b841,0.0,0,0,0,0,1,0
c373,0.0,0,0,0,0,1,0
b1228,0.0,1,0,0,0,0,0
b1153,0.0,0,0,0,0,1,0
b902,0.0,0,0,0,0,0,1
a1597,0.0,0,0,0,1,0,0
c1305,0.0,0,0,0,0,1,0
a515,0.0,0,0,0,0,0,1
c1387,0.0,0,1,0,0,0,0
a1795,0.0,0,0,1,0,0,0
b1054,0.0,0,0,0,0,0,1
a1525,1.0,0,0,0,0,0,0
b1344,0.0,0,0,0,0,1,0
e188,0.0,0,0,0,0,0,1
d1511,0.0,0,0,0,0,1,0
e439,0.0,0,1,0,0,0,0
c718,1.0,0,0,0,0,0,0
d1939,0.0,0,0,0,0,1,0
b1649,0.0,0,0,0,0,0,1
c797,0.0,1,0,0,0,0,0
b994,0.0,0,0,1,0,0,0
a822,0.0,0,0,0,0,0,1
b371,0.0,0,0,0,0,0,1
c1003,0.0,0,0,0,0,0,1
c755,0.0,0,1,0,0,0,0
a1790,0.0,0,0,0,0,0,1
c1688,0.0,0,0,0,0,0,1
d543,0.0,0,0,0,0,0,1
b248,0.0,0,0,0,0,1,0
b1608,0.0,0,0,0,0,0,1
d1813,0.0,0,1,0,0,0,0
b901,0.0,0,1,0,0,0,0
c635,0.0,0,1,0,0,0,0
c1049,0.0,0,0,0,0,0,1
e1546,0.0,0,0,0,0,0,1
d1122,0.0,0,0,0,0,0,1
c1165,0.0,0,0,0,0,0,1
b236,,0,0,0,0,1,0
c698,0.0,0,1,0,0,0,0
c980,0.0,0,0,0,0,1,0
b952,0.0,0,1,0,0,0,0
c1351,0.0,0,0,0,0,1,0
d1383,0.0,0,0,0,0,0,1
b1922,0.0,0,0,0,0,0,1
d1312,0.0,0,1,0,0,0,0
c1545,0.0,0,0,0,0,0,1
d563,0.0,0,0,0,0,0,1
d1840,0.0,0,0,0,0,0,1
b340,0.0,0,1,0,0,0,0
c720,0.0,0,0,0,0,0,1
e1828,0.0,0,0,0,0,1,0
e143,0.0,0,1,0,0,0,0
b1390,0.0,0,0,0,0,0,1
e696,0.0,0,0,1,0,0,0
d937,0.0,0,0,0,0,0,1
c989,1.0,0,0,0,0,0,0
e1819,1.0,0,0,0,0,0,0
e177,0.0,0,1,0,0,0,0
a158,0.0,0,0,0,0,1,0
b1450,0.0,0,0,0,0,0,1
a1448,1.0,0,0,0,0,0,0
c1067,0.0,0,0,0,0,0,1
e230,0.0,0,0,0,0,0,1
a790,0.0,0,0,0,0,1,0
c1542,0.0,0,0,0,0,0,1
a725,0.0,0,0,0,0,1,0
a389,0.0,0,1,0,0,0,0
a1798,0.0,0,0,0,0,0,1
c1147,0.0,0,0,0,0,0,1
e413,0.0,0,0,0,0,0,1
b481,0.0,0,0,0,0,1,0
c10,0.0,0,0,0,0,0,1
b287,1.0,0,0,0,0,0,0
a652,0.0,0,0,0,0,0,1
b1850,0.0,0,0,0,0,0,1
a1080,1.0,0,0,0,0,0,0
c27,0.0,0,0,0,0,1,0
b742,0.0,0,0,0,0,1,0
c831,0.0,0,0,0,0,1,0
b1853,0.0,0,0,0,0,1,0
a1917,0.0,0,0,1,0,0,0
e854,0.0,1,0,0,0,0,0
a1628,0.0,0,0,0,0,0,1
d395,0.0,0,1,0,0,0,0
e1748,0.0,0,0,1,0,0,0
d1456,0.0,0,0,0,0,0,1
c490,0.0,0,1,0,0,0,0
b1870,1.0,0,0,0,0,0,0
d1156,0.0,1,0,0,0,0,0
c1347,0.0,0,0,0,0,0,1
e855,0.0,0,0,0,1,0,0
b792,0.0,0,0,0,0,0,1
a1846,0.0,0,0,0,0,1,0
b1040,0.0,0,0,0,0,0,1
a1731,0.0,1,0,0,0,0,0
e1894,0.0,0,1,0,0,0,0
c560,0.0,0,1,0,0,0,0
a995,0.0,0,1,0,0,0,0
c959,0.0,1,0,0,0,0,0
c268,1.0,0,0,0,0,0,0
a1905,1.0,0,0,0,0,0,0
d1168,0.0,0,1,0,0,0,0
b1306,0.0,0,0,0,0,0,1
d1321,0.0,0,1,0,0,0,0
c53,0.0,1,0,0,0,0,0
d638,0.0,0,0,0,1,0,0
b1491,0.0,0,0,0,0,1,0
b511,0.0,0,0,0,0,0,1
e1046,0.0,0,0,0,1,0,0
c457,0.0,0,0,0,0,0,1
a1499,0.0,1,0,0,0,0,0
e628,0.0,0,0,0,0,1,0
e1589,0.0,0,1,0,0,0,0
b1363,0.0,0,0,0,0,0,1
d1197,0.0,0,0,0,0,0,1
c135,0.0,0,0,0,0,0,1
b977,0.0,0,0,0,0,0,1
c1436,0.0,0,0,0,0,0,1
e1261,0.0,0,0,0,0,0,1
d351,0.0,0,0,0,0,1,0
b949,0.0,0,0,0,0,1,0
c898,0.0,0,0,0,0,1,0
d744,0.0,0,1,0,0,0,0
e1856,0.0,0,0,0,1,0,0
e778,0.0,0,0,0,0,1,0
a54,0.0,0,0,0,0,1,0
a905,0.0,1,0,0,0,0,0
c319,0.0,0,1,0,0,0,0
e398,0.0,0,0,0,0,0,1
c1558,0.0,0,0,0,0,0,1
b538,0.0,0,1,0,0,0,0
b1932,0.0,0,0,0,0,1,0
d235,0.0,0,0,0,0,0,1
d391,0.0,0,0,0,0,0,1
b1459,0.0,1,0,0,0,0,0
a196,0.0,0,0,0,0,0,1
c1479,0.0,0,1,0,0,0,0
e117,0.0,1,0,0,0,0,0
e1444,0.0,0,0,0,0,0,1
a1591,0.0,0,0,0,0,1,0
a1454,0.0,0,0,0,0,0,1
d746,0.0,1,0,0,0,0,0
d1687,,0,0,0,0,0,1
c76,0.0,0,1,0,0,0,0
b1051,0.0,0,1,0,0,0,0
e838,0.0,0,0,0,0,1,0
b1849,0.0,1,0,0,0,0,0
c558,0.0,0,0,0,0,0,1
e1818,0.0,0,0,0,0,0,1
b1318,0.0,1,0,0,0,0,0
c1256,0.0,0,1,0,0,0,0
e1666,0.0,0,0,0,0,0,1
e919,0.0,0,0,0,0,1,0
b1882,0.0,0,1,0,0,0,0
a377,0.0,0,0,0,0,0,1
c447,0.0,0,1,0,0,0,0
b1157,0.0,0,0,0,0,1,0
d1574,0.0,0,1,0,0,0,0
a1529,0.0,0,0,0,0,0,1
b1079,0.0,0,0,0,0,1,0
c1463,0.0,0,0,0,0,0,1
a1452,0.0,0,1,0,0,0,0
b627,,0,1,0,0,0,0
d399,0.0,0,0,0,0,1,0
d1712,0.0,0,0,0,0,1,0
d1104,0.0,0,0,0,0,0,1
b175,0.0,1,0,0,0,0,0
d955,0.0,0,0,0,0,0,1
b131,0.0,0,1,0,0,0,0
d1611,0.0,0,1,0,0,0,0
c1371,1.0,0,0,0,0,0,0
e1186,0.0,0,1,0,0,0,0
b256,1.0,0,0,0,0,0,0
e791,0.0,1,0,0,0,0,0
c707,0.0,0,0,0,0,1,0
b1461,1.0,0,0,0,0,0,0
e1214,0.0,0,1,0,0,0,0
a671,0.0,0,0,0,0,0,1
c409,0.0,0,0,0,0,1,0
e1912,0.0,1,0,0,0,0,0
c383,0.0,1,0,0,0,0,0
d1727,0.0,0,0,0,0,1,0
a1278,0.0,0,0,0,0,0,1
e303,0.0,1,0,0,0,0,0
b1838,0.0,1,0,0,0,0,0
a1297,1.0,0,0,0,0,0,0
e1139,0.0,0,0,0,0,1,0
e1260,0.0,0,0,0,0,0,1
a598,0.0,0,0,0,0,0,1
a4,0.0,0,1,0,0,0,0
b640,0.0,0,0,0,0,0,1
b444,0.0,0,1,0,0,0,0
a1074,0.0,0,0,0,0,0,1
d1631,0.0,0,1,0,0,0,0
c629,0.0,0,1,0,0,0,0
c1376,0.0,0,1,0,0,0,0
d1366,0.0,0,1,0,0,0,0
a5,0.0,1,0,0,0,0,0
e583,0.0,0,0,0,0,0,1
b214,1.0,0,0,0,0,0,0
d1333,1.0,0,0,0,0,0,0
e1374,0.0,0,1,0,0,0,0
a1246,0.0,0,1,0,0,0,0
b730,0.0,0,1,0,0,0,0
a296,0.0,0,0,1,0,0,0
c590,0.0,0,0,0,0,0,1
b1310,0.0,0,0,0,0,0,1
b1279,0.0,0,0,0,0,0,1
e500,0.0,0,0,0,0,0,1
b799,0.0,1,0,0,0,0,0
e794,0.0,0,0,0,0,1,0
e358,0.0,0,0,0,0,1,0
e1319,0.0,0,1,0,0,0,0
c428,0.0,0,0,0,0,0,1
b533,0.0,0,0,0,0,1,0
c1552,0.0,0,0,0,0,0,1
b1758,0.0,0,0,0,0,0,1
b212,1.0,0,0,0,0,0,0
b1359,0.0,0,0,0,0,0,1
d673,0.0,0,1,0,0,0,0
c1808,0.0,0,0,0,0,0,1
c491,1.0,0,0,0,0,0,0
e228,0.0,0,1,0,0,0,0
e1556,0.0,0,1,0,0,0,0
e817,0.0,0,0,0,0,0,1
e823,0.0,0,0,0,0,0,1
d1533,0.0,0,1,0,0,0,0
d417,0.0,0,0,0,0,0,1
d179,0.0,0,0,0,0,1,0
b566,0.0,0,1,0,0,0,0
b1768,0.0,0,1,0,0,0,0
e893,0.0,1,0,0,0,0,0
d1399,0.0,0,0,0,0,0,1
d1377,0.0,0,0,0,0,1,0
a1509,1.0,0,0,0,0,0,0
d1017,0.0,0,0,0,0,0,1
a573,0.0,1,0,0,0,0,0
e788,0.0,0,1,0,0,0,0
e709,0.0,0,0,0,0,0,1
d56,0.0,0,1,0,0,0,0
c102,0.0,0,1,0,0,0,0
a71,0.0,0,0,0,0,0,1
c180,0.0,0,0,0,0,1,0
b1668,0.0,0,1,0,0,0,0
a1793,0.0,0,0,0,0,0,1
c1291,0.0,0,0,0,0,1,0
c1296,0.0,0,1,0,0,0,0
a745,0.0,0,1,0,0,0,0
d164,0.0,0,0,0,0,0,1
d307,0.0,0,0,0,0,1,0
d1685,0.0,0,0,0,0,0,1
a468,0.0,0,0,0,0,0,1
b666,0.0,0,0,0,0,0,1
e411,0.0,0,1,0,0,0,0
a549,0.0,0,0,0,0,1,0
c1464,0.0,1,0,0,0,0,0
a1167,0.0,0,0,1,0,0,0
d1379,0.0,1,0,0,0,0,0
a8,0.0,1,0,0,0,0,0
e773,0.0,0,1,0,0,0,0
a1722,0.0,1,0,0,0,0,0
a545,0.0,0,0,0,0,0,1
c441,0.0,0,0,0,0,1,0
b1427,0.0,1,0,0,0,0,0
b1585,0.0,0,0,0,0,0,1
e126,0.0,1,0,0,0,0,0
e1174,0.0,0,0,0,1,0,0
e1877,0.0,0,0,0,0,1,0
a407,0.0,0,0,0,0,1,0
a880,0.0,0,0,0,0,0,1
d1507,0.0,0,1,0,0,0,0
e72,0.0,0,0,0,0,1,0
e766,0.0,0,1,0,0,0,0
c913,0.0,0,0,0,0,1,0
b1372,0.0,0,1,0,0,0,0
b1716,0.0,0,1,0,0,0,0
a1408,,0,1,0,0,0,0
e896,0.0,1,0,0,0,0,0
b836,1.0,0,0,0,0,0,0
c1875,0.0,0,1,0,0,0,0
b1292,0.0,0,0,0,0,1,0
b498,0.0,0,0,0,0,0,1
d1929,0.0,0,0,0,0,1,0
c1432,0.0,0,0,0,0,0,1
e1614,0.0,1,0,0,0,0,0
a267,0.0,1,0,0,0,0,0
d1510,0.0,0,1,0,0,0,0
e1241,0.0,1,0,0,0,0,0
d1397,0.0,0,0,0,0,0,1
a1164,0.0,0,0,0,0,1,0
a1860,0.0,0,1,0,0,0,0
e279,0.0,0,0,0,0,1,0
e286,0.0,0,0,1,0,0,0
d962,0.0,0,0,0,0,0,1
e1805,0.0,0,1,0,0,0,0
b1684,0.0,0,0,0,0,1,0
e738,0.0,0,1,0,0,0,0
e553,0.0,0,0,0,0,0,1
d334,0.0,0,0,0,0,1,0
a1077,0.0,0,0,0,0,0,1
b891,,0,0,0,0,0,1
a1513,0.0,0,0,1,0,0,0
e1816,0.0,0,1,0,0,0,0
e1001,0.0,1,0,0,0,0,0
c320,0.0,0,0,0,0,0,1
c1287,0.0,0,0,0,0,1,0
c1286,0.0,1,0,0,0,0,0
e1418,0.0,0,0,0,0,1,0
d1573,0.0,0,1,0,0,0,0
d649,1.0,0,0,0,0,0,0
a734,0.0,0,0,0,0,0,1
d1878,0.0,0,1,0,0,0,0
d1195,0.0,0,0,0,0,0,1
d436,0.0,0,0,0,0,1,0
d125,0.0,0,0,0,0,1,0
b1752,0.0,0,0,0,0,0,1
a1697,0.0,0,0,0,1,0,0
e1190,0.0,0,0,0,0,1,0
e1847,0.0,1,0,0,0,0,0
c1610,0.0,1,0,0,0,0,0
a1855,0.0,0,1,0,0,0,0
e1876,0.0,0,1,0,0,0,0
e716,0.0,0,0,0,0,1,0
c544,0.0,0,0,0,0,1,0
a298,0.0,0,1,0,0,0,0
e1414,0.0,1,0,0,0,0,0
d17,0.0,0,0,0,0,0,1
e240,0.0,0,0,0,1,0,0
d1036,0.0,0,0,0,1,0,0
a176,0.0,0,0,0,0,0,1
a1340,1.0,0,0,0,0,0,0
c1707,0.0,0,0,0,0,0,1
d569,0.0,1,0,0,0,0,0
d315,0.0,0,0,0,0,0,1
a1171,0.0,0,0,0,0,1,0
c1772,1.0,0,0,0,0,0,0
a193,0.0,0,1,0,0,0,0
e1508,0.0,0,0,0,0,1,0
a517,0.0,0,1,0,0,0,0
b1930,0.0,0,0,0,0,0,1
a329,0.0,0,0,0,0,0,1
b1543,0.0,0,0,0,1,0,0
b1111,0.0,0,1,0,0,0,0
a663,0.0,1,0,0,0,0,0
e1747,0.0,0,0,0,0,0,1
d1295,0.0,0,0,0,0,1,0
a795,0.0,0,0,0,0,0,1
c12,,0,1,0,0,0,0
d1361,0.0,0,0,0,0,0,1
a911,0.0,0,0,0,0,1,0
e1814,0.0,0,0,0,0,0,1
b1473,0.0,0,0,0,0,1,0
c100,0.0,0,1,0,0,0,0
c625,1.0,0,0,0,0,0,0
b1285,0.0,0,0,0,0,0,1
e206,0.0,0,1,0,0,0,0
e1191,0.0,0,1,0,0,0,0
c1407,1.0,0,0,0,0,0,0
b688,,0,1,0,0,0,0
c345,0.0,1,0,0,0,0,0
d810,1.0,0,0,0,0,0,0
d1090,0.0,0,0,0,1,0,0
e1691,0.0,0,1,0,0,0,0
d1006,0.0,0,0,0,0,1,0
c1682,0.0,0,0,0,0,0,1
a909,0.0,0,0,0,0,1,0
e948,0.0,0,0,0,0,0,1
e612,0.0,0,0,0,0,0,1
d1082,0.0,1,0,0,0,0,0
d753,0.0,0,0,1,0,0,0
e1644,0.0,0,0,0,0,0,1
b864,0.0,0,0,0,0,0,1
e1146,0.0,0,1,0,0,0,0
e1642,0.0,0,1,0,0,0,0
c51,0.0,0,1,0,0,0,0
d39,0.0,0,1,0,0,0,0
d318,0.0,0,0,0,0,0,1
b717,0.0,0,0,0,0,0,1
d1255,0.0,0,0,0,0,0,1
e1493,0.0,0,0,0,0,1,0
c1342,0.0,0,0,0,0,0,1
e109,0.0,0,1,0,0,0,0
a812,0.0,0,0,0,0,1,0
c1247,0.0,0,0,0,0,0,1
a62,0.0,0,0,0,0,0,1
d961,,0,0,1,0,0,0
d306,0.0,0,0,0,0,1,0
b113,0.0,0,0,0,0,0,1
d529,0.0,0,0,0,0,1,0
a772,0.0,0,0,0,0,0,1
c1553,0.0,0,0,0,0,0,1
e803,0.0,0,1,0,0,0,0
c1316,0.0,0,0,0,0,1,0
b646,0.0,0,0,1,0,0,0
b1938,0.0,1,0,0,0,0,0
a1936,0.0,0,0,0,0,1,0
b1134,0.0,0,1,0,0,0,0
c958,0.0,0,0,0,0,0,1
c1526,0.0,0,0,1,0,0,0
c1368,0.0,0,0,0,0,0,1
c133,1.0,0,0,0,0,0,0
a160,0.0,0,0,0,0,1,0
c346,0.0,0,0,0,0,1,0
e1468,0.0,0,0,0,0,1,0
e1337,0.0,0,0,0,1,0,0
d291,0.0,0,0,0,0,0,1
b1910,0.0,0,0,0,0,0,1
a110,0.0,0,1,0,0,0,0
d547,0.0,0,0,1,0,0,0
d1022,0.0,0,0,0,0,1,0
d424,0.0,0,0,0,0,0,1
c93,0.0,0,0,0,0,0,1
b811,0.0,0,0,0,0,0,1
a1484,0.0,0,0,0,0,1,0
e412,0.0,0,1,0,0,0,0
a648,0.0,0,1,0,0,0,0
a129,0.0,0,1,0,0,0,0
d384,0.0,0,0,0,0,0,1
e94,0.0,0,0,0,0,0,1
a665,0.0,1,0,0,0,0,0
d1135,0.0,0,1,0,0,0,0
e1421,0.0,0,1,0,0,0,0
b1396,0.0,0,0,0,1,0,0
b715,0.0,0,1,0,0,0,0
b618,0.0,0,0,0,0,1,0
b368,0.0,1,0,0,0,0,0
a1457,0.0,0,0,0,0,1,0
c705,0.0,0,0,0,0,1,0
c505,0.0,0,0,0,0,1,0
e159,0.0,1,0,0,0,0,0
a1123,0.0,0,1,0,0,0,0
b900,0.0,0,0,0,0,0,1
a1505,1.0,0,0,0,0,0,0
b619,0.0,0,0,0,0,0,1
e1193,0.0,0,1,0,0,0,0
c729,0.0,0,1,0,0,0,0
e1640,0.0,0,0,0,0,1,0
b647,1.0,0,0,0,0,0,0
b242,0.0,0,0,0,0,0,1
e513,1.0,0,0,0,0,0,0
b537,0.0,1,0,0,0,0,0
b1626,0.0,1,0,0,0,0,0
d1441,0.0,0,0,1,0,0,0
a528,0.0,1,0,0,0,0,0
c806,0.0,0,0,0,0,0,1
c1911,0.0,0,0,0,0,0,1
e872,0.0,0,1,0,0,0,0
d1236,0.0,0,0,0,0,0,1
a611,0.0,0,0,0,0,0,1
d970,0.0,0,0,0,0,1,0
d422,0.0,0,0,0,1,0,0
e142,0.0,1,0,0,0,0,0
e1829,0.0,0,1,0,0,0,0
a1031,0.0,0,0,0,0,0,1
c1142,0.0,0,0,0,0,0,1
e161,0.0,1,0,0,0,0,0
a604,0.0,0,0,0,0,0,1
d1667,0.0,0,0,1,0,0,0
c1835,0.0,0,0,0,0,0,1
b504,0.0,0,1,0,0,0,0
c868,0.0,0,0,0,0,0,1
e1016,0.0,0,1,0,0,0,0
b1689,0.0,0,0,0,0,0,1
e514,0.0,0,0,0,0,0,1
a271,0.0,0,0,0,0,1,0
d473,0.0,0,0,0,0,1,0
c1258,0.0,0,0,0,0,0,1
c1117,0.0,1,0,0,0,0,0
b1726,0.0,1,0,0,0,0,0
c703,0.0,0,0,0,0,0,1
d1580,0.0,0,1,0,0,0,0
a1732,0.0,0,0,0,0,1,0
a423,0.0,0,1,0,0,0,0
b1273,0.0,0,1,0,0,0,0
a219,0.0,1,0,0,0,0,0
d1655,0.0,0,0,0,0,0,1
a982,0.0,0,0,0,0,0,1
b1683,0.0,0,1,0,0,0,0
a1692,0.0,0,0,0,0,0,1
d1896,0.0,0,0,0,0,1,0
a1282,0.0,0,1,0,0,0,0
e802,0.0,0,1,0,0,0,0
e178,0.0,0,1,0,0,0,0
a497,0.0,0,0,0,0,0,1
c1343,0.0,0,0,0,0,0,1
d678,1.0,0,0,0,0,0,0
a1919,0.0,0,1,0,0,0,0
c845,0.0,0,1,0,0,0,0
e1409,0.0,0,0,0,0,0,1
c1926,0.0,0,0,0,0,0,1
e1367,0.0,0,0,0,0,0,1
d1032,0.0,1,0,0,0,0,0
e246,0.0,1,0,0,0,0,0
b313,0.0,0,0,0,0,1,0
d971,0.0,0,0,0,0,0,1
b760,0.0,0,0,0,1,0,0
d1576,0.0,1,0,0,0,0,0
d311,0.0,0,0,0,0,0,1
e1623,0.0,0,0,0,0,1,0
d1238,0.0,0,1,0,0,0,0
b1203,0.0,0,0,0,0,0,1
a1844,0.0,0,0,0,0,0,1
c22,0.0,0,1,0,0,0,0
b339,0.0,0,0,0,0,1,0
e1651,0.0,0,0,0,0,0,1
a607,0.0,1,0,0,0,0,0
e1582,0.0,0,0,0,1,0,0
d1821,0.0,1,0,0,0,0,0
b1474,0.0,0,0,0,0,0,1
c475,0.0,0,1,0,0,0,0
e1160,0.0,0,0,0,0,0,1
a786,0.0,1,0,0,0,0,0
c406,0.0,0,0,0,0,0,1
a186,0.0,0,0,0,0,0,1
e1446,0.0,0,1,0,0,0,0
c63,0.0,0,0,0,0,0,1
d182,1.0,0,0,0,0,0,0
c1536,0.0,0,1,0,0,0,0
c1358,1.0,0,0,0,0,0,0
c1304,0.0,0,0,0,0,1,0
d1605,0.0,0,1,0,0,0,0
c238,0.0,0,0,0,0,0,1
d209,1.0,0,0,0,0,0,0
c991,0.0,0,0,0,0,1,0
c1708,0.0,0,0,0,0,1,0
b70,0.0,0,0,0,0,1,0
d460,1.0,0,0,0,0,0,0
d299,0.0,0,0,0,0,0,1
c84,1.0,0,0,0,0,0,0
c314,0.0,0,0,0,0,0,1
a459,0.0,0,0,0,0,0,1
d1455,0.0,0,0,0,0,0,1
e706,0.0,0,0,0,0,1,0
e201,0.0,0,1,0,0,0,0
e951,0.0,0,0,0,0,1,0
a1492,0.0,0,0,0,0,0,1
e856,0.0,0,0,0,0,0,1
d907,0.0,0,0,0,0,0,1
b211,0.0,1,0,0,0,0,0
b1185,0.0,0,0,0,0,1,0
c400,0.0,0,0,0,0,0,1
d1760,0.0,0,0,0,0,0,1
e682,0.0,0,0,0,0,0,1
a1098,0.0,0,1,0,0,0,0
b554,0.0,0,0,1,0,0,0
a1251,0.0,0,0,0,0,0,1
a1547,0.0,0,0,0,0,0,1
e580,0.0,0,0,0,0,0,1
d1743,0.0,1,0,0,0,0,0
d765,0.0,0,0,0,0,0,1
c1140,0.0,0,0,0,0,1,0
e1751,1.0,0,0,0,0,0,0
a250,0.0,0,0,0,0,1,0
c1094,0.0,0,0,0,0,0,1
e522,0.0,0,0,0,0,0,1
b387,0.0,0,0,0,0,0,1
a1527,0.0,0,0,0,0,1,0
d1101,0.0,0,1,0,0,0,0
d202,0.0,0,0,1,0,0,0
c1899,0.0,0,0,0,0,0,1
e124,0.0,0,1,0,0,0,0
b1557,0.0,0,0,0,0,1,0
c227,0.0,0,0,0,0,1,0
c941,0.0,0,0,0,1,0,0
a392,0.0,0,0,0,0,1,0
b1851,0.0,0,0,0,0,0,1
c1020,0.0,0,0,0,0,0,1
c889,0.0,0,0,0,0,1,0
e1933,0.0,0,1,0,0,0,0
a664,0.0,0,0,0,0,1,0
b946,0.0,0,0,0,0,0,1
e418,0.0,0,1,0,0,0,0
c1826,0.0,0,0,0,0,0,1
b1550,0.0,0,0,0,1,0,0
d465,0.0,0,0,0,0,1,0
c727,0.0,0,0,0,0,0,1
c217,0.0,0,0,0,0,1,0
a1322,0.0,0,0,0,0,1,0
a691,0.0,0,0,0,0,1,0
b1653,0.0,1,0,0,0,0,0
b886,0.0,0,0,0,0,1,0
b1909,0.0,0,0,0,0,0,1
e108,0.0,0,0,0,0,1,0
b1443,0.0,0,1,0,0,0,0
e1679,,0,0,0,0,1,0
e733,0.0,0,0,0,0,0,1
a1693,0.0,0,0,0,0,1,0
e1721,0.0,0,1,0,0,0,0
b897,0.0,0,0,0,0,1,0
b2,0.0,0,0,0,0,0,1
a1413,0.0,1,0,0,0,0,0
b89,0.0,0,0,0,0,0,1
c762,0.0,0,1,0,0,0,0
e138,0.0,0,1,0,0,0,0
b445,0.0,0,0,1,0,0,0
c1534,0.0,0,0,0,0,1,0
d342,0.0,0,0,0,0,0,1
a1179,0.0,0,0,0,0,1,0
a1047,0.0,0,1,0,0,0,0
e1133,0.0,0,1,0,0,0,0
c1252,0.0,0,0,0,0,0,1
e300,0.0,0,0,0,0,1,0
d1584,0.0,0,0,0,0,0,1
b420,,0,1,0,0,0,0
e121,0.0,0,0,0,1,0,0
a574,0.0,0,0,0,1,0,0
c1249,0.0,0,0,0,0,1,0
d943,0.0,1,0,0,0,0,0
d1665,0.0,0,0,0,0,1,0
e699,1.0,0,0,0,0,0,0
b7,0.0,0,0,0,0,1,0
d1403,,0,1,0,0,0,0
d1121,0.0,0,1,0,0,0,0
e190,0.0,1,0,0,0,0,0
e245,0.0,0,1,0,0,0,0
b1519,1.0,0,0,0,0,0,0
a408,0.0,0,0,0,0,1,0
b1652,0.0,0,0,0,0,0,1
d815,0.0,0,1,0,0,0,0
a1776,1.0,0,0,0,0,0,0
c677,0.0,0,1,0,0,0,0
a1120,0.0,0,0,0,0,0,1
e1657,0.0,0,0,0,0,1,0
c116,0.0,0,0,0,0,0,1
c1578,0.0,0,1,0,0,0,0
c1575,0.0,0,0,0,0,0,1
a736,0.0,0,1,0,0,0,0
a904,0.0,0,1,0,0,0,0
c610,0.0,0,0,0,0,1,0
d1269,0.0,0,0,0,0,1,0
c780,0.0,0,1,0,0,0,0
c1013,0.0,1,0,0,0,0,0
d1514,0.0,0,0,0,0,0,1
c119,0.0,0,0,0,0,1,0
d658,0.0,0,0,0,0,1,0
b310,0.0,0,1,0,0,0,0
a1325,0.0,0,0,0,0,1,0
c1470,0.0,0,0,0,0,0,1
a1419,0.0,0,0,0,0,1,0
e899,0.0,0,1,0,0,0,0
e979,0.0,0,1,0,0,0,0
b469,0.0,0,0,0,0,0,1
d595,0.0,0,1,0,0,0,0
e52,0.0,0,0,0,0,0,1
c1068,0.0,0,0,0,0,1,0
a1417,0.0,0,0,0,0,1,0
c1137,0.0,0,0,0,0,0,1
a750,0.0,0,0,0,0,0,1
e1762,0.0,0,0,0,0,1,0
e106,0.0,0,0,0,0,1,0
b1233,0.0,0,1,0,0,0,0
d776,0.0,1,0,0,0,0,0
a605,0.0,0,0,1,0,0,0
c1913,0.0,0,1,0,0,0,0
a519,0.0,0,0,0,0,1,0
c1033,1.0,0,0,0,0,0,0
b572,0.0,0,0,0,0,0,1
c1660,0.0,0,0,0,0,1,0
a470,0.0,0,1,0,0,0,0
a613,0.0,0,0,0,0,0,1
a1540,0.0,0,0,0,0,0,1
a308,0.0,1,0,0,0,0,0
a114,0.0,0,0,0,0,1,0
e1881,0.0,0,0,1,0,0,0
e510,0.0,0,0,0,0,0,1
e1833,0.0,0,0,0,0,1,0
b1769,0.0,0,0,0,0,0,1
e1163,0.0,0,0,0,0,0,1
c1904,0.0,0,1,0,0,0,0
d983,0.0,0,0,0,0,1,0
d103,0.0,0,0,0,0,0,1
a1244,0.0,0,1,0,0,0,0
a1756,0.0,0,1,0,0,0,0
b1485,0.0,0,0,0,0,1,0
d151,0.0,0,0,0,0,0,1
b208,1.0,0,0,0,0,0,0
b1771,0.0,0,0,0,0,0,1
d1622,0.0,0,1,0,0,0,0
c105,0.0,0,0,0,0,1,0
a1624,0.0,0,1,0,0,0,0
a929,0.0,1,0,0,0,0,0
e65,0.0,0,1,0,0,0,0
d1659,0.0,0,1,0,0,0,0
e1155,0.0,0,0,0,0,0,1
c1085,0.0,0,1,0,0,0,0
c541,0.0,0,0,0,0,0,1
d1237,0.0,1,0,0,0,0,0
a1872,0.0,0,0,0,0,0,1
b1245,0.0,0,0,0,0,0,1
a1711,0.0,0,0,0,0,0,1
e585,0.0,0,0,0,0,0,1
c1027,0.0,0,0,0,0,1,0
a564,1.0,0,0,0,0,0,0
e1496,0.0,0,0,0,0,1,0
d37,0.0,0,0,0,0,0,1
c74,0.0,0,0,1,0,0,0
c1207,0.0,0,0,0,0,0,1
b1360,0.0,0,0,1,0,0,0
e1439,0.0,0,1,0,0,0,0
d1219,0.0,0,0,0,0,0,1
b154,1.0,0,0,0,0,0,0
b1924,0.0,0,0,1,0,0,0
a1908,0.0,0,1,0,0,0,0
d818,0.0,0,1,0,0,0,0
e1775,0.0,1,0,0,0,0,0
a1201,0.0,0,1,0,0,0,0
c1097,0.0,0,0,0,0,0,1
c1076,0.0,0,0,0,0,1,0
e1192,0.0,0,0,0,0,0,1
b524,0.0,0,0,0,0,0,1
d833,0.0,0,0,0,0,0,1
b1349,1.0,0,0,0,0,0,0
c1792,0.0,0,0,0,0,1,0
a1804,1.0,0,0,0,0,0,0
a713,0.0,0,0,0,0,0,1
d1571,0.0,1,0,0,0,0,0
c317,0.0,0,1,0,0,0,0
a1646,0.0,0,1,0,0,0,0
d1205,0.0,0,0,0,0,0,1
b960,0.0,0,0,0,0,0,1
c1143,0.0,0,0,1,0,0,0
d1234,0.0,0,1,0,0,0,0
e1523,0.0,0,1,0,0,0,0
d931,0.0,0,0,0,1,0,0
c1617,0.0,0,0,0,0,1,0
a1229,0.0,0,1,0,0,0,0
d743,1.0,0,0,0,0,0,0
e1288,0.0,0,0,0,0,0,1
d99,0.0,0,0,0,0,0,1
d1754,0.0,0,0,0,0,0,1
d1126,0.0,0,1,0,0,0,0
c1183,0.0,0,0,0,0,1,0
d258,1.0,0,0,0,0,0,0
a1940,0.0,1,0,0,0,0,0
c277,1.0,0,0,0,0,0,0
b1613,0.0,0,0,0,0,1,0
c695,0.0,0,0,0,0,0,1
d1822,0.0,0,0,0,0,0,1
d1517,0.0,0,0,0,0,0,1
e130,0.0,0,0,0,0,0,1
a683,0.0,0,0,0,0,0,1
e226,1.0,0,0,0,0,0,0
d731,0.0,0,0,0,0,1,0
e922,0.0,0,0,0,0,0,1
b789,0.0,0,0,0,0,0,1
e1386,0.0,0,1,0,0,0,0
d1678,0.0,0,0,0,0,1,0
c1338,0.0,0,0,0,0,0,1
c1035,0.0,1,0,0,0,0,0
d1562,0.0,0,0,0,1,0,0
d1202,0.0,0,0,0,0,0,1
c324,0.0,0,0,0,0,0,1
c1728,0.0,1,0,0,0,0,0
a903,0.0,0,0,0,0,0,1
e894,0.0,0,0,0,0,1,0
c1356,0.0,0,0,0,1,0,0
b932,1.0,0,0,0,0,0,0
e1392,0.0,1,0,0,0,0,0
e430,0.0,0,0,1,0,0,0
a390,0.0,0,0,0,0,0,1
c40,0.0,0,0,0,0,1,0
c967,0.0,0,0,0,0,0,1
b784,0.0,0,0,0,1,0,0
e1177,0.0,0,0,0,0,0,1
d1885,0.0,0,0,0,0,1,0
b1780,0.0,1,0,0,0,0,0
d576,1.0,0,0,0,0,0,0
c43,0.0,0,0,0,0,0,1
b562,0.0,0,0,0,0,0,1
d1148,0.0,0,0,0,0,0,1
d1242,0.0,1,0,0,0,0,0
c152,0.0,0,1,0,0,0,0
e1212,0.0,0,0,0,0,1,0
c1738,0.0,0,1,0,0,0,0
a863,0.0,0,0,0,0,1,0
c947,0.0,0,0,0,0,0,1
a163,0.0,1,0,0,0,0,0
b674,0.0,0,0,0,0,1,0
d464,0.0,0,0,0,0,1,0
a1086,0.0,0,0,0,0,0,1
e1199,0.0,0,0,0,0,1,0
b1180,0.0,0,0,0,0,0,1
b1532,,0,1,0,0,0,0
e1103,0.0,0,0,0,0,0,1
d1364,0.0,0,0,0,0,0,1
e1380,0.0,0,0,0,0,1,0
c609,1.0,0,0,0,0,0,0
b1504,0.0,0,0,0,0,1,0
a297,0.0,0,0,0,0,0,1
b1384,0.0,0,0,0,0,1,0
d1100,0.0,0,0,0,0,0,1
d1065,0.0,0,1,0,0,0,0
b847,0.0,1,0,0,0,0,0
a1867,0.0,0,0,0,0,0,1
e1210,0.0,0,0,1,0,0,0
e722,0.0,0,0,0,0,0,1
b1194,0.0,0,0,0,0,1,0
c1099,0.0,0,0,0,0,0,1
c1231,0.0,0,1,0,0,0,0
b507,0.0,0,0,0,0,0,1
d1362,0.0,1,0,0,0,0,0
b871,0.0,0,1,0,0,0,0
a1718,0.0,0,0,0,0,0,1
a704,0.0,1,0,0,0,0,0
b1512,0.0,0,0,0,0,1,0
c1332,0.0,0,0,0,0,0,1
b1402,1.0,0,0,0,0,0,0
b1042,0.0,0,0,0,0,0,1
d429,0.0,0,1,0,0,0,0
d1859,,0,0,0,0,0,1
e582,0.0,0,0,0,0,0,1
c222,0.0,0,0,0,0,1,0
a1569,0.0,0,1,0,0,0,0
c732,1.0,0,0,0,0,0,0
c565,0.0,0,0,0,0,1,0
a1093,0.0,0,0,1,0,0,0
b1096,0.0,0,1,0,0,0,0
e1209,0.0,0,0,0,0,0,1
d526,0.0,0,0,0,0,0,1
a923,0.0,0,0,0,0,0,1
e359,0.0,0,0,0,0,1,0
d1248,0.0,0,0,0,0,1,0
c1428,1.0,0,0,0,0,0,0
c1566,0.0,0,0,0,0,1,0
b657,1.0,0,0,0,0,0,0
e1914,1.0,0,0,0,0,0,0
d3,0.0,0,0,0,0,0,1
e1308,0.0,0,0,0,0,1,0
a294,0.0,0,0,0,0,0,1
d539,0.0,0,0,0,0,0,1
a1069,0.0,0,0,0,0,0,1
d29,0.0,1,0,0,0,0,0
e369,0.0,0,0,0,0,1,0
a584,0.0,0,0,0,0,0,1
c1879,0.0,1,0,0,0,0,0
b659,0.0,1,0,0,0,0,0
e1639,0.0,0,1,0,0,0,0
b921,0.0,0,1,0,0,0,0
b1549,0.0,0,0,0,0,0,1
b1883,0.0,0,0,0,0,1,0
a1092,0.0,0,0,0,0,1,0
b432,0.0,0,1,0,0,0,0
a1314,0.0,0,0,0,0,1,0
a660,1.0,0,0,0,0,0,0
b79,0.0,0,0,0,0,0,1
b1055,0.0,1,0,0,0,0,0
a1329,0.0,0,1,0,0,0,0
e1698,0.0,0,0,0,0,0,1
b348,0.0,0,0,0,0,0,1
d701,0.0,1,0,0,0,0,0
b1475,0.0,0,0,0,0,0,1
b1478,0.0,0,0,1,0,0,0
a634,1.0,0,0,0,0,0,0
d1871,0.0,0,0,0,0,1,0
d1227,0.0,0,1,0,0,0,0
d273,0.0,0,1,0,0,0,0
d1740,1.0,0,0,0,0,0,0
c1365,0.0,0,0,0,0,0,1
e1391,0.0,0,0,0,0,1,0
a796,0.0,0,0,0,0,1,0
e331,0.0,0,0,0,0,1,0
e1586,0.0,0,0,0,0,1,0
c366,0.0,0,0,0,0,0,1
c1327,1.0,0,0,0,0,0,0
b1437,0.0,0,1,0,0,0,0
e370,0.0,0,0,0,0,0,1
e49,0.0,0,0,0,0,0,1
b1554,0.0,0,0,0,0,0,1
c107,0.0,0,0,0,0,0,1
c1064,0.0,0,0,0,0,0,1
e668,0.0,0,0,0,0,0,1
e1763,0.0,0,0,0,0,0,1
b1779,0.0,0,0,0,0,0,1
a1749,0.0,0,0,0,0,1,0
c1568,0.0,0,0,0,0,0,1
c1472,0.0,0,0,0,0,0,1
b282,0.0,0,0,0,0,1,0
b1243,0.0,0,0,0,0,1,0
c853,0.0,0,0,0,0,1,0
d1235,0.0,0,0,0,0,1,0
b748,0.0,1,0,0,0,0,0
a768,0.0,0,0,0,0,1,0
a241,1.0,0,0,0,0,0,0
a1070,0.0,0,0,0,0,0,1
a405,0.0,0,0,0,0,1,0
d480,0.0,0,0,0,0,0,1
c1897,0.0,1,0,0,0,0,0
a1787,0.0,0,0,0,0,0,1
d534,0.0,0,0,1,0,0,0
d1765,0.0,0,1,0,0,0,0
d20,,0,1,0,0,0,0
c1676,0.0,0,0,0,0,1,0
d1889,0.0,0,0,0,0,0,1
c18,0.0,0,1,0,0,0,0
e927,0.0,0,0,0,0,0,1
b1334,0.0,1,0,0,0,0,0
c1038,0.0,0,0,0,0,0,1
c174,0.0,0,0,0,0,1,0
b1216,0.0,0,1,0,0,0,0
c495,0.0,0,0,0,0,1,0
b879,0.0,0,0,0,0,0,1
b910,0.0,0,0,0,0,0,1
e1521,0.0,0,0,0,0,0,1
c1218,0.0,0,0,0,0,0,1
e597,0.0,0,0,0,0,0,1
c0,0.0,0,0,0,0,0,1
c865,0.0,1,0,0,0,0,0
c521,0.0,0,0,0,0,1,0
a78,1.0,0,0,0,0,0,0
b1112,0.0,0,0,0,0,0,1
c1175,1.0,0,0,0,0,0,0
c1861,0.0,0,0,0,0,0,1
e1283,0.0,0,0,0,0,1,0
c735,0.0,0,0,0,1,0,0
a229,0.0,0,0,0,0,1,0
d354,0.0,0,0,0,0,1,0
b1791,0.0,1,0,0,0,0,0
c525,1.0,0,0,0,0,0,0
d942,0.0,0,0,0,0,0,1
b756,0.0,0,1,0,0,0,0
a14,0.0,0,0,0,0,1,0
a1830,0.0,1,0,0,0,0,0
c1794,0.0,0,0,0,0,0,1
b472,0.0,1,0,0,0,0,0
e993,0.0,0,0,0,0,1,0
b1865,0.0,0,0,0,0,0,1
d185,0.0,0,0,0,0,1,0
c1159,0.0,0,0,1,0,0,0
e323,0.0,0,0,0,0,0,1
d1812,0.0,0,0,0,0,0,1
a365,0.0,0,0,0,0,1,0
e86,0.0,0,0,0,0,1,0
c1643,0.0,1,0,0,0,0,0
e1674,0.0,0,0,0,0,0,1
c1746,0.0,0,0,0,0,0,1
b1471,0.0,0,1,0,0,0,0
b988,0.0,0,0,0,0,0,1
c723,1.0,0,0,0,0,0,0
c860,0.0,0,0,0,0,1,0
d1604,0.0,0,1,0,0,0,0
d819,0.0,0,0,0,0,1,0
e149,0.0,0,1,0,0,0,0
a1538,0.0,0,1,0,0,0,0
b925,0.0,0,0,1,0,0,0
a1490,0.0,0,0,0,0,0,1
e906,0.0,0,0,0,0,1,0
c31,0.0,0,0,0,0,0,1
b848,0.0,0,0,0,1,0,0
c711,0.0,0,0,0,0,1,0
a1393,0.0,1,0,0,0,0,0
c1315,0.0,0,0,0,0,0,1
a304,0.0,0,0,0,0,0,1
c197,0.0,0,1,0,0,0,0
c280,0.0,0,0,0,0,0,1
b676,0.0,0,1,0,0,0,0
c172,0.0,0,0,0,0,0,1
b443,0.0,0,0,0,0,1,0
a540,0.0,0,0,0,0,0,1
c362,1.0,0,0,0,0,0,0
d1453,0.0,0,1,0,0,0,0
a1223,0.0,0,0,0,1,0,0
e156,0.0,0,1,0,0,0,0
c1445,0.0,0,0,0,0,0,1
c998,0.0,0,1,0,0,0,0
d1073,0.0,0,0,0,0,1,0
d1118,0.0,0,1,0,0,0,0
e1410,0.0,0,0,1,0,0,0
a1647,0.0,0,0,0,0,1,0
d779,0.0,0,0,0,0,1,0
c1039,0.0,0,0,0,1,0,0
b1520,0.0,0,0,0,0,1,0
a1498,0.0,0,0,0,0,1,0
a869,0.0,0,1,0,0,0,0
e679,0.0,0,0,0,0,1,0
a352,0.0,0,0,0,0,1,0
d147,0.0,0,0,0,0,0,1
e118,0.0,0,1,0,0,0,0
b1801,0.0,0,0,0,0,0,1
c36,1.0,0,0,0,0,0,0
e930,0.0,0,0,0,1,0,0
d1280,0.0,0,0,0,0,1,0
a1918,0.0,0,0,0,0,1,0
b1811,0.0,0,1,0,0,0,0
d1196,0.0,0,0,0,1,0,0
a603,1.0,0,0,0,0,0,0
d376,0.0,0,0,1,0,0,0
e1023,0.0,0,0,0,0,0,1
e968,0.0,0,0,0,0,0,1
a290,1.0,0,0,0,0,0,0
a1078,0.0,1,0,0,0,0,0
c360,0.0,0,0,1,0,0,0
c1903,,0,0,0,0,1,0
b1618,,0,0,0,0,0,1
d1518,0.0,0,0,0,0,0,1
b1595,0.0,0,0,0,0,0,1
e1071,0.0,0,0,0,0,1,0
b996,0.0,1,0,0,0,0,0
d1893,0.0,0,0,0,0,0,1
a496,0.0,0,0,0,0,0,1
c710,0.0,0,0,0,0,0,1
e852,0.0,0,1,0,0,0,0
e1739,0.0,0,1,0,0,0,0
e816,0.0,0,1,0,0,0,0
c892,0.0,0,1,0,0,0,0
a1548,0.0,1,0,0,0,0,0
d918,0.0,0,0,0,0,1,0
b35,0.0,0,0,1,0,0,0
b1204,1.0,0,0,0,0,0,0
a1385,0.0,0,0,0,0,0,1
b128,0.0,0,0,0,0,0,1
e255,0.0,0,1,0,0,0,0
d1817,1.0,0,0,0,0,0,0
a403,0.0,0,0,0,0,1,0
a1827,0.0,0,0,0,0,0,1
e1331,0.0,0,0,0,0,0,1
c693,1.0,0,0,0,0,0,0
a622,0.0,0,0,0,0,1,0
a316,0.0,1,0,0,0,0,0
b878,0.0,0,1,0,0,0,0
e1411,0.0,0,1,0,0,0,0
c804,,0,1,0,0,0,0
c92,0.0,0,0,0,0,1,0
b499,0.0,0,0,0,0,1,0
d1150,0.0,0,1,0,0,0,0
e881,0.0,0,0,0,0,0,1
a1706,0.0,0,0,0,0,0,1
b523,0.0,0,0,0,0,0,1
a821,0.0,0,1,0,0,0,0
c437,0.0,0,0,0,0,1,0
c278,0.0,0,0,0,0,0,1
e1482,0.0,0,0,0,0,0,1
e1424,0.0,0,1,0,0,0,0
a234,0.0,0,0,0,0,1,0
e867,0.0,0,1,0,0,0,0
a486,0.0,0,0,1,0,0,0
e859,0.0,0,0,0,0,0,1
c60,0.0,0,0,0,0,0,1
c1920,0.0,0,0,0,0,0,1
d1043,0.0,0,1,0,0,0,0
b503,1.0,0,0,0,0,0,0
e1898,0.0,0,0,1,0,0,0
a858,1.0,0,0,0,0,0,0
c1796,0.0,1,0,0,0,0,0
d1662,0.0,0,0,0,0,0,1
e1284,0.0,0,0,0,0,0,1
c232,0.0,0,0,0,0,0,1
b1581,0.0,0,0,0,0,0,1
c1021,0.0,0,0,0,0,0,1
b1200,0.0,0,0,0,0,0,1
b452,0.0,0,0,0,0,0,1
e85,0.0,0,0,0,0,0,1
e183,0.0,0,0,0,0,1,0
c28,0.0,0,0,0,0,0,1
c1925,0.0,0,0,0,0,0,1
d173,0.0,0,0,0,0,1,0
e58,0.0,0,0,0,0,1,0
a1736,0.0,0,1,0,0,0,0
d801,0.0,1,0,0,0,0,0
b493,0.0,1,0,0,0,0,0
d615,0.0,0,0,0,0,1,0
e757,0.0,0,0,0,0,0,1
b1524,0.0,0,0,0,0,0,1
c1034,0.0,0,0,0,0,0,1
e1268,0.0,0,0,0,0,0,1
d1495,0.0,1,0,0,0,0,0
a1501,0.0,0,1,0,0,0,0
d1307,0.0,0,0,0,0,1,0
d95,0.0,0,1,0,0,0,0
b870,1.0,0,0,0,0,0,0
c414,0.0,0,1,0,0,0,0
b111,0.0,1,0,0,0,0,0
c805,0.0,0,1,0,0,0,0
d546,1.0,0,0,0,0,0,0
b631,0.0,0,0,0,0,0,1
a1843,0.0,0,1,0,0,0,0
c435,0.0,0,1,0,0,0,0
e984,0.0,0,1,0,0,0,0
b1281,0.0,0,0,0,0,1,0
a602,0.0,0,0,0,0,1,0
d1442,0.0,0,0,0,0,0,1
a1656,0.0,1,0,0,0,0,0
c1551,0.0,0,0,0,0,0,1
a38,0.0,0,0,0,0,0,1
b1431,0.0,0,0,0,0,0,1
b1264,0.0,0,1,0,0,0,0
e1002,0.0,0,0,0,0,0,1
d26,0.0,0,0,0,0,1,0
b1690,0.0,0,0,0,0,1,0
b551,0.0,0,1,0,0,0,0
d1389,0.0,0,0,0,0,1,0
e633,0.0,0,0,0,0,1,0
b1275,0.0,0,1,0,0,0,0
d404,0.0,0,1,0,0,0,0
e1108,0.0,0,1,0,0,0,0
c200,0.0,0,1,0,0,0,0
e1648,0.0,0,0,0,0,1,0
c1803,0.0,0,0,0,0,0,1
c1434,1.0,0,0,0,0,0,0
e570,1.0,0,0,0,0,0,0
b442,0.0,0,0,0,0,0,1
d347,0.0,0,0,0,0,0,1
b866,0.0,0,0,1,0,0,0
a1700,0.0,0,0,0,0,0,1
e302,0.0,0,0,0,0,0,1
a1382,0.0,0,0,0,0,0,1
b1745,0.0,0,0,1,0,0,0
e1348,,1,0,0,0,0,0
a751,0.0,0,0,0,0,0,1
c90,0.0,0,0,0,0,0,1
d1530,0.0,1,0,0,0,0,0
c305,0.0,0,0,0,0,0,1
e1863,0.0,0,0,0,0,0,1
e1184,0.0,0,0,0,0,1,0
c184,0.0,0,0,0,0,0,1
e1263,0.0,0,0,0,0,0,1
e453,0.0,0,0,0,0,1,0
b1354,0.0,0,0,0,0,0,1
e73,0.0,0,0,0,0,0,1
e1645,0.0,0,1,0,0,0,0
b1037,0.0,0,1,0,0,0,0
d1638,1.0,0,0,0,0,0,0
e385,0.0,0,0,0,0,1,0
c620,0.0,0,1,0,0,0,0
c402,0.0,1,0,0,0,0,0
d122,1.0,0,0,0,0,0,0
c1637,0.0,0,0,0,0,1,0
e1370,0.0,0,0,0,0,0,1
a361,0.0,0,0,0,0,0,1
a548,0.0,1,0,0,0,0,0
c1671,0.0,0,0,0,1,0,0
e1892,0.0,1,0,0,0,0,0
b849,0.0,0,1,0,0,0,0
d1888,0.0,0,0,0,0,1,0
b1831,0.0,0,0,0,1,0,0
a284,0.0,0,0,0,0,0,1
e349,1.0,0,0,0,0,0,0
c1004,0.0,0,0,1,0,0,0
c1128,0.0,0,0,0,0,0,1
a1303,0.0,0,0,0,0,0,1
e275,0.0,0,0,0,0,1,0
d1341,0.0,0,0,0,0,0,1
e140,0.0,0,0,0,0,0,1
e636,0.0,0,0,0,0,0,1
c1709,0.0,0,1,0,0,0,0
b1810,0.0,0,0,0,0,0,1
b928,0.0,0,1,0,0,0,0
b527,0.0,1,0,0,0,0,0
c920,0.0,0,0,0,0,1,0
d608,0.0,0,0,0,0,1,0
a842,0.0,0,0,1,0,0,0
e120,0.0,0,0,0,0,0,1
e1561,0.0,0,0,0,0,1,0
c1,0.0,0,1,0,0,0,0
b1172,0.0,1,0,0,0,0,0
a1730,0.0,0,0,0,1,0,0
c1935,0.0,0,0,1,0,0,0
d1488,0.0,0,0,0,0,0,1
d218,0.0,0,0,0,0,1,0
c1836,0.0,0,0,1,0,0,0
c357,0.0,0,0,0,0,0,1
b427,0.0,0,0,0,0,1,0
a1015,0.0,0,1,0,0,0,0
d1650,0.0,0,1,0,0,0,0
e141,0.0,0,0,0,0,1,0
c1178,0.0,0,0,0,0,0,1
e1151,0.0,0,0,0,0,1,0
d1352,0.0,0,1,0,0,0,0
b518,0.0,0,0,0,0,0,1
b721,0.0,0,0,0,0,1,0
c478,1.0,0,0,0,0,0,0
d501,0.0,0,1,0,0,0,0
e59,0.0,0,0,0,0,1,0
a1250,0.0,0,0,0,0,1,0
a1873,0.0,1,0,0,0,0,0
d1182,0.0,0,0,0,0,0,1
c834,0.0,0,0,0,0,0,1
b1559,0.0,1,0,0,0,0,0
a32,0.0,0,0,0,0,0,1
e687,0.0,0,1,0,0,0,0
e914,1.0,0,0,0,0,0,0
a1599,0.0,0,1,0,0,0,0
c101,0.0,0,1,0,0,0,0
e13,0.0,0,0,0,0,1,0
b433,0.0,0,0,0,0,1,0
b1601,0.0,0,0,0,0,0,1
b630,0.0,0,0,0,0,1,0
d25,0.0,0,0,1,0,0,0
a1702,0.0,0,1,0,0,0,0
d624,1.0,0,0,0,0,0,0
b446,0.0,0,0,0,0,0,1
c1113,0.0,0,0,0,0,0,1
c726,0.0,0,0,0,0,1,0
d9,0.0,0,0,0,0,0,1
d1274,0.0,1,0,0,0,0,0
e325,0.0,0,0,0,0,0,1
a394,0.0,0,0,0,0,0,1
c1603,0.0,0,0,0,0,1,0
b145,0.0,0,0,0,0,0,1
b1845,1.0,0,0,0,0,0,0
e21,1.0,0,0,0,0,0,0
b1289,0.0,0,0,0,0,1,0
b210,1.0,0,0,0,0,0,0
e477,0.0,0,0,0,0,0,1
d577,0.0,0,1,0,0,0,0
d763,0.0,0,0,0,0,0,1
d1110,0.0,0,0,0,0,0,1
c1433,0.0,0,0,1,0,0,0
b1106,1.0,0,0,0,0,0,0
d1063,0.0,0,1,0,0,0,0
c1782,0.0,0,0,0,0,0,1
b1848,0.0,0,0,0,0,0,1
d1755,0.0,1,0,0,0,0,0
c581,0.0,0,0,0,0,0,1
a1357,0.0,0,0,0,0,0,1
a933,1.0,0,0,0,0,0,0
b1789,0.0,0,0,0,0,1,0
a1189,0.0,0,0,0,0,0,1
a1254,0.0,0,0,0,0,1,0
c169,0.0,0,0,0,0,1,0
a1900,0.0,0,0,0,0,1,0
c1522,0.0,0,1,0,0,0,0
b326,0.0,0,0,0,0,0,1
c719,0.0,0,0,0,0,0,1
c1012,0.0,0,0,0,0,1,0
e1773,0.0,0,0,0,0,1,0
d589,0.0,0,1,0,0,0,0
b276,0.0,0,0,0,0,0,1
d393,0.0,0,0,0,0,1,0
e829,0.0,0,1,0,0,0,0
c1704,0.0,0,1,0,0,0,0
d1081,0.0,0,0,0,0,1,0
d456,1.0,0,0,0,0,0,0
c48,0.0,0,0,0,0,1,0
b1447,0.0,0,1,0,0,0,0
b1136,0.0,0,0,0,0,1,0
a467,0.0,0,0,0,0,1,0
c57,0.0,0,1,0,0,0,0
c957,0.0,0,1,0,0,0,0
d1353,1.0,0,0,0,0,0,0
b223,1.0,0,0,0,0,0,0
e1166,0.0,0,0,1,0,0,0
c761,0.0,0,0,0,0,1,0
e1761,0.0,0,0,0,0,1,0
b261,0.0,0,0,0,0,0,1
b1477,0.0,0,0,0,0,0,1
b1045,0.0,0,0,0,0,0,1
a81,0.0,0,0,0,0,1,0
e165,0.0,0,0,0,0,0,1
d1654,0.0,1,0,0,0,0,0
e926,1.0,0,0,0,0,0,0
d824,0.0,0,0,0,0,1,0
a686,0.0,0,0,0,0,1,0
d680,0.0,0,0,0,0,0,1
e1757,0.0,0,0,0,0,0,1
b1670,0.0,0,0,0,0,0,1
a162,0.0,0,0,0,1,0,0
c1030,0.0,0,0,0,0,0,1
c644,0.0,0,1,0,0,0,0
a1737,0.0,0,0,0,0,0,1
b651,1.0,0,0,0,0,0,0
a1931,0.0,0,0,0,0,1,0
d328,0.0,0,1,0,0,0,0
c1277,0.0,0,1,0,0,0,0
d104,0.0,0,0,0,0,1,0
c1852,0.0,0,1,0,0,0,0
b1577,0.0,0,0,0,0,0,1
a338,0.0,0,0,0,0,0,1
b64,1.0,0,0,0,0,0,0
e1842,0.0,0,1,0,0,0,0
e714,0.0,0,0,0,0,1,0
c785,0.0,0,1,0,0,0,0
e1630,0.0,0,0,0,0,1,0
d455,0.0,0,0,0,0,0,1
b372,0.0,0,0,1,0,0,0
a1839,0.0,1,0,0,0,0,0
c1262,1.0,0,0,0,0,0,0
c512,0.0,0,1,0,0,0,0
b1531,0.0,0,0,0,0,0,1
e205,0.0,0,0,0,0,0,1
d782,0.0,0,0,0,0,1,0
c484,0.0,0,0,0,0,0,1
b458,0.0,0,0,0,0,1,0
